"Status","Start Time","Stop Time","Duration in ms","Parent Suite","Suite","Sub Suite","Test Class","Test Method","Name","Description"
"passed","Wed Feb 24 23:32:15 CST 2021","Wed Feb 24 23:32:15 CST 2021","0","ZhangNan01","test_jisuanqi","TestCalc","","","test_div[float]",""
"passed","Wed Feb 24 23:32:15 CST 2021","Wed Feb 24 23:32:15 CST 2021","0","ZhangNan01","test_jisuanqi","TestCalc","","","test_add[float]",""
"failed","Wed Feb 24 23:32:16 CST 2021","Wed Feb 24 23:32:16 CST 2021","0","ZhangNan01","test_jisuanqi","TestCalc","","","test_sub[except]",""
"passed","Wed Feb 24 23:32:16 CST 2021","Wed Feb 24 23:32:16 CST 2021","0","ZhangNan01","test_jisuanqi","TestCalc","","","test_mul[negative]",""
"passed","Wed Feb 24 23:32:15 CST 2021","Wed Feb 24 23:32:15 CST 2021","0","ZhangNan01","test_jisuanqi","TestCalc","","","test_add[negative]",""
"passed","Wed Feb 24 23:32:16 CST 2021","Wed Feb 24 23:32:16 CST 2021","0","ZhangNan01","test_jisuanqi","TestCalc","","","test_mul[int]",""
"passed","Wed Feb 24 23:32:15 CST 2021","Wed Feb 24 23:32:15 CST 2021","0","ZhangNan01","test_jisuanqi","TestCalc","","","test_sub[float]",""
"passed","Wed Feb 24 23:32:15 CST 2021","Wed Feb 24 23:32:15 CST 2021","0","ZhangNan01","test_jisuanqi","TestCalc","","","test_sub[negative]",""
"passed","Wed Feb 24 23:32:15 CST 2021","Wed Feb 24 23:32:15 CST 2021","0","ZhangNan01","test_jisuanqi","TestCalc","","","test_sub[int]",""
"failed","Wed Feb 24 23:32:15 CST 2021","Wed Feb 24 23:32:15 CST 2021","0","ZhangNan01","test_jisuanqi","TestCalc","","","test_add[except]",""
"passed","Wed Feb 24 23:32:16 CST 2021","Wed Feb 24 23:32:16 CST 2021","0","ZhangNan01","test_jisuanqi","TestCalc","","","test_mul[bigint]",""
"passed","Wed Feb 24 23:32:16 CST 2021","Wed Feb 24 23:32:16 CST 2021","5","ZhangNan01","test_jisuanqi","TestCalc","","","test_mul[float]",""
"passed","Wed Feb 24 23:32:15 CST 2021","Wed Feb 24 23:32:15 CST 2021","0","ZhangNan01","test_jisuanqi","TestCalc","","","test_add[int]",""
"passed","Wed Feb 24 23:32:15 CST 2021","Wed Feb 24 23:32:15 CST 2021","0","ZhangNan01","test_jisuanqi","TestCalc","","","test_add[bigint]",""
"passed","Wed Feb 24 23:32:15 CST 2021","Wed Feb 24 23:32:15 CST 2021","0","ZhangNan01","test_jisuanqi","TestCalc","","","test_sub[bigint]",""
"passed","Wed Feb 24 23:32:15 CST 2021","Wed Feb 24 23:32:15 CST 2021","0","ZhangNan01","test_jisuanqi","TestCalc","","","test_div[bigint]",""
"passed","Wed Feb 24 23:32:15 CST 2021","Wed Feb 24 23:32:15 CST 2021","0","ZhangNan01","test_jisuanqi","TestCalc","","","test_div[int]",""
"passed","Wed Feb 24 23:32:15 CST 2021","Wed Feb 24 23:32:15 CST 2021","0","ZhangNan01","test_jisuanqi","TestCalc","","","test_div[except]",""
"passed","Wed Feb 24 23:32:16 CST 2021","Wed Feb 24 23:32:16 CST 2021","0","ZhangNan01","test_jisuanqi","TestCalc","","","test_mul[except]",""
"passed","Wed Feb 24 23:32:15 CST 2021","Wed Feb 24 23:32:15 CST 2021","0","ZhangNan01","test_jisuanqi","TestCalc","","","test_div[negative]",""
